,news,learned,fiction
count,4552.0,4552.0,4552.0
mean,0.0001068650793476081,0.00010612294997038179,0.00010133815079485302
std,0.00025137841610936877,0.00036800658200902635,0.0002321995011530092
min,0.0,0.0,0.0
25%,0.0,0.0,0.0
50%,0.0,0.0,0.0
75%,0.00015667883828208531,0.00014438247049022878,0.0001862798120290097
max,0.003916970957052132,0.011653917464872356,0.0076374722931894
